block_id,x,y,z,tonnage_kt,ore_grade_pct,waste_ratio,mining_cost_t,processing_cost_t,revenue_per_t,slope_constraint,period_available,ghg_kg_co2_per_t,stripping_ratio,npv_per_t,npv_expected,npv_std,npv_cv
B0000,800,750,-100,573.5,0.668,3.21,4.38,12.13,90.12,3,8,26.02,2.32,73.61,41899255.11622296,7199609.01458642,0.1718314321964832
B0001,850,550,-50,534.9,0.751,1.65,2.95,11.27,82.96,1,4,31.26,1.04,68.74,37340590.03463497,6553344.069599579,0.1755018885218759
B0002,850,250,-40,362.6,0.771,2.58,4.39,12.27,112.22,1,2,28.57,1.35,95.56,34127248.00911727,6052092.91435487,0.1773390257760609
B0003,450,300,-90,420.9,0.763,0.7,3.37,14.59,123.39,2,8,25.26,2.42,105.43,44445339.213040754,7922834.572472594,0.1782601890942019
B0004,150,550,-80,474.7,0.875,3.21,4.83,10.49,93.26,2,5,29.41,3.18,77.94,37849781.76820766,6332059.470265866,0.1672944776549425
B0005,950,900,-90,515.7,1.057,2.16,3.24,16.31,93.54,2,8,34.41,1.58,73.99,39123582.99981702,7436528.286628076,0.1900778946208187
B0006,800,200,-50,539.7,0.633,1.9,5.19,18.0,89.09,3,4,15.0,2.23,65.9,35604992.355815,7094945.752738195,0.1992682846786077
B0007,50,150,-100,546.4,0.843,2.5,3.9,13.32,86.69,2,4,29.25,2.69,69.47,38545506.32290088,7335146.855116762,0.1902983656167142
B0008,850,650,-40,544.2,0.731,2.37,3.78,14.11,98.24,2,5,22.52,2.99,80.35,44639133.78942074,7608465.147698405,0.1704438348555405
B0009,500,450,-10,576.0,0.722,2.08,5.05,11.1,87.64,3,1,21.52,2.7,71.49,41320105.510915816,7445084.756520855,0.1801806811590555
B0010,0,300,-90,496.4,0.967,2.12,4.5,12.01,108.85,3,10,18.16,2.58,92.34,45303778.02446356,7873936.542191609,0.1738030885181312
B0011,750,200,-60,469.8,1.011,2.42,4.84,12.45,82.31,1,3,29.39,2.17,65.02,30507082.20368207,5613478.988531659,0.1840057646632013
B0012,200,100,-100,464.1,0.66,2.52,4.2,13.59,93.55,3,8,30.2,1.33,75.76,35583490.23322811,6508919.794974774,0.182919656062763
B0013,250,950,-10,423.9,0.854,3.45,4.38,11.98,78.51,2,4,33.75,2.87,62.15,26539188.816406164,4553656.42699083,0.1715823516118858
B0014,600,50,-10,633.5,0.735,4.13,4.62,14.4,104.75,1,1,25.9,2.63,85.73,54289974.71063507,10485890.799672564,0.1931459879206472
B0015,500,100,-40,533.0,0.699,3.01,4.08,14.81,72.13,2,6,36.34,3.06,53.24,27573152.24969643,5789625.172691777,0.2099732783637576
B0016,650,200,-60,442.8,0.916,2.6,5.23,11.97,89.57,1,6,28.71,3.87,72.37,32605275.47233297,6313779.543104502,0.1936428829887368
B0017,300,700,-60,407.3,0.962,1.3,3.49,10.55,83.21,3,2,23.47,2.45,69.17,28396899.4560137,5487892.979804718,0.1932567669334945
B0018,400,0,-30,516.4,1.037,2.15,4.11,14.42,86.81,1,8,28.79,1.68,68.28,35049268.69995522,6446894.883487949,0.1839380712527159
B0019,400,750,-30,545.8,1.06,1.37,4.97,12.77,64.37,2,4,19.51,2.65,46.63,25128835.640852507,5316641.028627189,0.211575303552219
B0020,800,950,-30,544.2,0.983,1.45,3.15,12.18,96.54,3,8,29.23,3.25,81.21,43564735.48055397,7775173.492398691,0.1784740204808382
B0021,250,700,-80,565.6,0.668,3.01,3.91,10.39,50.05,3,8,26.29,2.26,35.75,19685365.22286584,4217469.367574164,0.2142438974246358
B0022,300,100,-30,510.0,1.157,2.22,3.0,12.28,85.32,2,3,36.32,2.3,70.04,35657641.64068327,6109093.754621339,0.1713263545632592
B0023,450,400,-60,557.9,0.624,3.02,3.96,11.64,61.4,2,5,22.93,3.39,45.8,25273636.20133368,5236908.4979114095,0.2072083516670648
B0024,200,150,-100,492.8,0.978,2.89,4.16,8.73,79.62,2,8,15.0,4.07,66.73,33021399.56670829,5975313.53743302,0.1809527644448252
B0025,50,600,-70,536.4,0.874,2.32,3.55,13.09,77.64,2,1,24.35,2.27,61.0,32698211.351357747,6020546.153728045,0.1841246326606195
B0026,350,450,-60,452.3,1.034,1.7,4.18,13.48,79.51,2,10,26.28,1.82,61.85,27752496.9228472,5375975.067563068,0.1937114012662877
B0027,0,650,-30,445.6,1.038,2.26,3.58,11.8,115.27,3,4,16.16,2.4,99.89,44280827.94715957,7414781.310034882,0.167449021479069
B0028,600,700,-10,368.8,0.665,1.01,4.45,12.34,96.5,3,3,21.34,3.18,79.71,29049889.52144251,5321874.714060252,0.183197760877267
B0029,550,600,-90,478.0,0.857,1.83,4.44,15.01,84.92,1,6,30.72,3.54,65.47,30722127.13793249,6731614.360853322,0.219112899657974
B0030,150,50,-50,478.4,0.752,4.45,4.53,12.53,88.96,1,10,27.39,2.95,71.9,34573502.590704925,6243949.628040842,0.1805992786429317
B0031,450,850,-70,421.9,0.485,2.42,4.14,12.84,63.19,2,8,37.17,2.05,46.21,19535089.008427337,4028929.536187314,0.20624065416079
B0032,250,500,-80,535.7,0.697,3.47,3.67,12.35,47.6,1,9,25.27,2.04,31.58,16606090.011504926,3827992.432036397,0.2305173842478459
B0033,700,400,-20,506.2,0.728,1.71,3.46,14.85,106.5,1,7,39.63,3.07,88.19,44468795.19273468,8428565.937457796,0.1895388867840264
B0034,700,400,-60,604.9,1.047,3.18,4.33,14.01,88.75,2,3,25.59,2.24,70.41,41983598.871961445,8742099.381884022,0.2082265364754709
B0035,900,700,-90,546.2,0.828,2.1,3.29,14.76,103.49,1,5,23.29,2.2,85.44,46639478.1188709,8875139.26795654,0.1902924223409256
B0036,50,600,-80,421.5,1.077,2.52,5.0,13.18,89.3,3,5,22.91,0.89,71.12,30324528.583675265,5942282.859087592,0.1959563144630887
B0037,350,850,-20,624.0,0.997,1.68,4.28,13.8,88.82,3,1,19.44,2.44,70.74,43461033.02821049,8699140.985850457,0.2001595539665119
B0038,250,0,-30,451.8,0.881,3.1,3.3,10.27,83.57,3,2,33.76,2.7,70.0,31773527.1582752,5931386.034427698,0.1866769781296663
B0039,500,800,-50,431.2,0.746,2.68,3.88,12.01,108.96,2,7,22.04,4.13,93.07,40791883.07501686,7073885.571421164,0.1734140480451021
B0040,350,550,-30,652.7,0.76,3.26,4.48,13.18,76.85,3,4,36.28,1.61,59.19,38406080.68844682,7850623.764514868,0.2044109584677424
B0041,300,900,-100,540.3,0.714,2.77,4.82,14.77,94.65,3,3,31.49,3.04,75.06,40863658.31789447,8466346.389704242,0.2071852285921442
B0042,900,0,-90,460.1,1.065,4.06,4.34,14.27,88.43,1,4,30.09,3.26,69.82,32164143.44315885,6067224.616998417,0.1886331786736539
B0043,650,150,-50,581.3,0.66,2.68,3.5,11.58,104.44,1,7,29.99,2.68,89.36,52839724.58876714,9247900.614005657,0.1750179563950946
B0044,950,900,-60,556.1,0.789,2.68,4.92,11.47,115.86,3,4,29.57,3.88,99.47,55091637.610382825,8507544.240649534,0.1544253285919052
B0045,850,300,-100,607.2,0.788,2.93,4.12,11.31,60.73,2,9,23.34,3.11,45.3,27788434.12474925,5274076.145253525,0.1897939308698314
B0046,350,500,-70,409.3,1.227,4.53,4.99,9.2,70.16,1,7,30.49,3.01,55.97,22669132.335628096,4168898.9939237447,0.1839020096667602
B0047,250,750,-30,451.6,1.025,2.12,4.47,12.71,99.43,2,2,24.32,2.06,82.25,37117491.84237026,6644440.132663586,0.1790110215658171
B0048,650,650,-20,468.0,0.787,1.59,4.43,11.55,87.08,1,10,29.43,2.75,71.1,32990629.1703489,5878972.624076595,0.1782012884240613
B0049,200,900,-100,578.0,0.676,2.32,4.18,11.42,92.5,1,4,28.83,1.74,76.9,44406567.46672685,7614800.826050097,0.1714791586121973
B0050,300,200,-90,436.6,0.666,2.14,4.45,14.73,74.88,2,4,27.28,1.75,55.7,24124422.79313116,4838536.2763133645,0.2005658878475227
B0051,950,550,-80,355.8,1.046,3.65,4.97,11.51,85.24,1,3,27.98,2.83,68.76,24588494.863205515,4400035.891097402,0.178946939028857
B0052,150,600,-40,318.3,0.738,2.72,3.86,10.87,58.22,3,1,27.41,3.13,43.49,13730112.90812467,2640008.447016824,0.1922787135606599
B0053,500,500,-60,448.6,0.765,2.05,4.79,14.04,70.87,3,9,29.11,2.58,52.04,23117920.66221652,5047280.687426588,0.2183276238885863
B0054,50,0,-90,538.0,0.947,2.2,4.16,15.04,107.15,3,5,31.16,3.23,87.95,46461741.73456382,7560446.861535788,0.162724137737424
B0055,650,100,-80,500.5,0.81,2.7,4.41,12.0,73.22,3,9,18.22,2.01,56.81,28287294.575568307,5391026.906610732,0.1905812127847303
B0056,350,850,-30,530.4,0.705,1.54,4.94,11.41,102.93,3,8,26.13,3.6,86.58,46098009.13639628,7884491.083217184,0.1710375617282797
B0057,300,0,-70,535.7,0.85,0.5,3.87,11.89,76.45,2,10,23.83,3.41,60.69,32583606.015819386,6152456.219602008,0.188820605571249
B0058,950,200,-10,437.3,0.977,3.07,4.98,13.89,85.34,3,7,34.03,3.33,66.47,29213463.36006437,6168399.028034526,0.2111491866612057
B0059,900,0,-20,492.7,0.662,2.0,4.58,11.59,88.56,1,1,31.0,1.86,72.39,35086011.87198225,6636156.334830393,0.1891396593902899
B0060,800,50,-50,567.5,0.703,4.5,4.56,12.72,71.84,3,4,22.38,2.81,54.56,31424031.07720457,5549229.620842513,0.1765919085049531
B0061,600,0,-30,520.3,1.063,3.35,4.94,10.45,96.09,2,4,40.08,4.28,80.7,42311440.01215668,7455576.412518596,0.1762071064084915
B0062,200,350,-10,442.2,0.831,1.47,4.49,18.0,111.59,1,4,21.96,0.94,89.1,38808998.08970346,6730738.618683197,0.1734324241797149
B0063,100,600,-50,489.9,0.686,1.93,4.64,11.43,95.95,1,8,24.47,2.42,79.88,39764655.60645266,7220214.653972396,0.1815736750100449
B0064,500,0,-90,436.9,0.663,2.62,5.1,12.96,66.88,2,6,27.52,3.0,48.82,20958782.63578744,4415960.287341052,0.2106973655903435
B0065,650,300,-10,539.1,1.037,3.62,4.47,13.11,89.56,1,1,19.31,1.94,71.98,39666192.33834441,7381197.252900339,0.1860828281661182
B0066,550,100,-30,531.1,0.704,2.15,2.5,13.7,104.63,2,4,29.69,2.11,88.43,47477235.20572981,8256517.526298744,0.1739047670008868
B0067,400,900,-40,570.5,1.016,1.29,3.87,10.3,75.74,2,10,27.36,2.15,61.57,35145004.28379882,6525931.200000421,0.1856858843237857
B0068,650,50,-70,501.3,0.901,4.03,4.76,12.71,88.28,1,7,28.76,1.82,70.81,35764421.7413495,7145110.458999424,0.1997826362375799
B0069,450,50,-50,346.2,0.73,4.05,3.94,12.75,72.35,2,9,21.96,2.95,55.66,19630765.963682085,3855625.4365136335,0.1964072845474667
B0070,200,250,-20,579.7,0.751,1.51,3.58,10.06,75.4,2,2,29.82,1.44,61.76,35679368.200343266,6915761.193164827,0.1938308199386303
B0071,700,100,-100,479.2,0.721,2.67,3.7,11.79,80.59,3,2,28.78,1.65,65.1,31728362.847140387,5609079.714006736,0.1767844039426153
B0072,850,450,-20,526.0,0.834,0.91,4.59,9.21,87.86,1,5,24.17,1.93,74.06,38337756.76157968,6701461.381729488,0.1748005607997748
B0073,750,150,-10,493.4,1.031,3.07,3.51,10.31,104.25,3,5,22.72,3.71,90.43,45173853.86996055,8438036.5944325,0.186790275160552
B0074,250,50,-70,502.5,0.884,4.0,4.41,9.48,80.62,2,7,26.32,3.72,66.73,34138101.84180916,5643094.137246658,0.1653019304762727
B0075,900,300,-100,512.8,0.628,3.11,4.03,12.08,81.18,1,4,24.07,2.63,65.07,32914671.3156483,6230760.92996438,0.1893004147060144
B0076,450,950,-30,349.8,1.054,2.15,4.79,12.65,102.92,1,4,26.55,3.93,85.48,29722406.8857764,5548912.957171889,0.1866912386502356
B0077,100,0,-30,472.3,1.212,2.25,4.6,12.19,81.11,1,2,33.84,2.46,64.32,30340038.42070711,6100121.544635388,0.2010584647273237
B0078,750,400,-20,533.8,0.639,3.78,4.34,14.0,96.38,1,2,27.94,3.87,78.04,41415638.06889724,7526368.407735013,0.1817276941433203
B0079,800,0,-10,516.6,0.51,3.19,3.86,13.75,70.49,1,4,28.29,2.93,52.88,27905247.374526054,5671742.092827161,0.2032500202096305
B0080,150,0,-100,471.7,0.826,2.19,4.16,13.31,84.72,3,2,24.41,2.69,67.25,31920864.697263468,5795469.152549965,0.1815573985076539
B0081,400,300,-90,459.4,0.824,2.95,3.63,12.09,107.36,3,2,35.79,1.93,91.64,41838845.08932781,7589814.099603589,0.181405917954929
B0082,150,400,-50,482.3,0.947,2.43,3.88,14.53,61.59,3,10,24.65,2.51,43.18,21061996.349142995,4709827.282279974,0.2236173249774404
B0083,200,750,-60,488.7,0.843,2.09,4.89,10.65,83.92,2,4,25.27,2.15,68.38,33611005.86664763,5613807.326079687,0.1670228897151303
B0084,150,850,-80,606.4,0.721,3.99,3.56,11.02,66.82,1,3,30.37,1.73,52.24,32079722.586012363,6013868.937820327,0.1874663635789212
B0085,150,900,-80,452.9,0.666,2.45,3.31,11.52,92.65,1,10,22.71,1.86,77.82,35241077.85092929,6058641.063477151,0.1719198569665027
B0086,750,650,-20,661.8,0.816,2.7,4.03,12.35,94.23,3,4,29.02,2.69,77.85,52726592.50843855,9497201.32095861,0.1801216590933435
B0087,550,650,-100,508.5,0.999,3.56,4.16,15.56,62.27,2,10,24.86,1.65,42.55,21728245.768651504,4824148.495877837,0.2220219960342078
B0088,250,200,-70,583.8,0.724,3.35,3.9,13.96,80.7,3,7,36.88,3.08,62.84,37214319.48435542,7390150.900374631,0.1985835292106144
B0089,900,250,-40,557.5,0.92,2.86,3.99,10.35,58.57,1,3,23.39,2.17,44.23,24355583.511787176,4746614.921178611,0.194888162662226
B0090,250,900,-60,511.2,0.721,2.02,3.84,15.75,86.78,2,1,25.38,2.41,67.19,34640809.96362428,6533322.502172387,0.1886018978491818
B0091,650,250,-20,515.5,0.696,2.41,4.9,10.15,93.45,3,4,25.59,3.05,78.4,40666784.204395264,7284277.142568345,0.1791210513709874
B0092,400,200,-10,569.7,0.986,2.56,4.98,12.39,97.49,3,7,28.84,1.29,80.12,45785015.79390455,8268051.670008473,0.1805842266654675
B0093,100,500,-30,618.1,1.039,2.41,3.22,14.33,100.43,2,2,28.94,0.5,82.88,50705769.19601433,9121040.954730824,0.179881719562747
B0094,500,300,-100,445.9,0.856,2.87,4.58,12.97,93.46,2,10,23.06,1.77,75.91,33478534.872153625,6194150.407955525,0.1850185628376354
B0095,300,450,-30,427.4,0.642,2.2,2.5,11.72,70.6,2,10,26.84,3.21,56.38,24281840.99940184,4716529.626358994,0.194241022601012
B0096,500,850,-10,488.1,0.705,1.82,4.9,13.68,92.01,1,2,28.99,3.03,73.43,36393955.13827177,6645147.226912024,0.182589311924606
B0097,850,350,-10,479.1,0.557,1.8,4.3,15.2,94.85,3,6,32.7,1.44,75.35,36070193.723158695,6784960.817783535,0.1881043631164998
B0098,900,0,-60,548.4,0.91,3.19,4.03,12.7,91.6,2,5,24.41,1.9,74.87,41342366.721907794,7117477.183868777,0.1721594032519948
B0099,850,700,-50,504.7,0.783,3.71,3.36,12.28,72.07,1,4,17.82,2.58,56.43,28497742.446553297,5719239.239127004,0.200690958234789
B0100,700,500,-100,487.2,0.82,2.68,4.58,14.06,94.55,2,6,28.9,2.27,75.91,36720495.59944726,7324778.175685243,0.1994738375969931
B0101,900,850,-60,416.2,0.941,2.34,3.25,10.19,118.14,1,9,24.02,2.94,104.7,43290686.75363411,7654660.441817854,0.1768200279515147
B0102,750,100,-70,561.8,0.664,2.74,5.06,10.43,115.33,1,4,32.3,2.88,99.84,55248598.05871439,9383342.225592423,0.1698385579959957
B0103,300,900,-20,552.8,0.944,1.06,4.37,12.89,103.14,2,5,22.31,3.72,85.88,47142155.72783941,8677238.774461921,0.1840653792872193
B0104,450,600,-70,461.0,1.044,2.11,4.47,13.71,77.02,2,9,24.01,3.38,58.84,27156922.3819647,5212403.788984127,0.1919364689294012
B0105,900,900,-50,462.5,0.591,3.42,3.93,8.42,69.8,1,1,32.89,2.68,57.45,26998936.47138608,4953874.700089201,0.1834840681720704
B0106,500,500,-10,560.7,0.934,2.98,4.72,13.2,74.21,1,10,18.17,2.63,56.29,31454830.294135533,6240888.376084556,0.1984079493586749
B0107,200,200,-80,516.2,0.868,2.17,3.05,12.7,87.88,2,3,24.29,3.31,72.13,37143153.91164647,6532434.393480932,0.1758718284672278
B0108,250,600,-20,462.8,0.935,2.67,4.12,13.06,100.06,1,1,30.32,4.05,82.88,38739317.943303205,7039244.616864121,0.1817080163147524
B0109,350,100,-30,598.0,0.905,2.02,3.27,12.2,97.89,3,5,15.0,1.58,82.42,50101657.26974342,7874961.63892322,0.1571796636691086
B0110,400,950,-20,401.4,0.72,2.9,4.5,8.89,78.35,1,5,19.91,2.33,64.96,25653551.05163824,4509457.646240418,0.1757829797973502
B0111,550,800,-10,563.7,0.962,3.15,3.65,12.18,74.04,3,3,26.72,1.71,58.21,31299865.2796152,6181584.368058871,0.1974955582982901
B0112,250,100,-50,693.9,0.724,2.9,4.27,15.42,74.35,1,5,25.36,3.45,54.66,38660723.09088773,8073999.152855355,0.2088424247491217
B0113,500,150,-30,345.6,0.922,2.39,3.89,13.83,75.13,3,1,22.85,3.08,57.41,19438421.925308563,3965460.204238092,0.2040011385427906
B0114,50,0,-100,402.6,1.077,2.83,4.5,10.54,104.78,3,2,25.26,1.85,89.74,36396288.15219519,6275383.225354408,0.172418220207324
B0115,50,300,-100,634.6,0.615,1.93,4.4,14.03,74.64,1,2,34.72,2.94,56.21,35206836.914953984,7200177.9954757625,0.2045107889944385
B0116,950,950,-10,507.2,0.69,3.12,3.88,14.42,98.33,3,10,33.09,1.88,80.03,40742884.0570881,8054901.482015948,0.1977008174170877
B0117,100,650,-70,517.5,0.675,3.7,4.28,10.95,49.3,1,1,25.98,2.67,34.07,17916050.637004368,3390763.9350161483,0.1892584478418898
B0118,300,500,-100,549.8,0.872,3.01,3.6,11.35,89.24,2,6,23.11,3.69,74.29,40358058.45432318,6376962.381543906,0.1580096423310671
B0119,550,900,-40,377.3,0.947,2.48,5.59,8.45,71.01,1,7,39.6,2.96,56.97,21411457.60603043,3857087.940908141,0.1801413062052259
B0120,150,600,-70,576.1,0.775,0.87,4.45,10.95,41.08,1,2,32.72,3.61,25.68,15092103.910380095,3365305.011176313,0.2229844845463668
B0121,900,350,-100,414.3,0.696,2.17,4.17,11.19,61.9,2,1,38.15,3.67,46.54,18898628.5466019,3683242.291280847,0.1948946867863127
B0122,850,200,-100,566.6,1.057,3.64,2.77,13.51,82.56,3,5,17.39,1.72,66.28,37634388.85514319,6572534.89563592,0.1746417331482109
B0123,150,850,-50,338.1,0.984,2.56,4.54,13.31,96.17,1,9,22.12,3.95,78.32,25982636.625231046,4383725.973283745,0.1687175184148488
B0124,700,650,-50,538.0,0.519,2.17,3.1,13.33,95.86,1,7,27.58,1.69,79.43,42677480.94574076,7563448.022365092,0.1772233940419562
B0125,200,800,-50,514.0,0.816,1.65,3.96,11.42,107.36,3,5,28.51,0.81,91.98,46593006.920019045,7491971.456672843,0.160796049706203
B0126,150,550,-20,532.5,0.711,3.44,3.92,12.53,74.3,2,5,30.01,2.31,57.85,30648661.10467805,5749972.689963019,0.1876092619617036
B0127,400,350,-40,628.3,0.864,2.68,5.31,16.01,88.26,3,9,25.71,1.34,66.94,43142063.068070926,8396905.442480726,0.1946338409739891
B0128,750,100,-40,482.3,0.939,3.39,4.37,15.0,102.77,2,10,31.62,2.28,83.4,40608407.357729375,7326916.333541438,0.1804285568009807
B0129,800,250,-100,636.5,0.956,0.75,3.53,15.54,105.74,3,6,25.74,2.93,86.67,55044390.56802239,10294973.776904218,0.1870303889400313
B0130,400,550,-30,385.5,0.769,3.04,3.47,13.35,97.7,3,10,33.56,4.04,80.88,31626429.63096278,5916536.858803191,0.1870757125556407
B0131,650,800,-50,675.1,0.795,1.67,4.42,15.61,102.29,2,6,30.65,1.77,82.26,56231460.87541492,9174237.951088296,0.1631513357160419
B0132,700,150,-60,448.2,0.793,2.79,4.76,15.65,87.0,2,3,21.52,1.78,66.59,30184993.378232203,6030566.217158053,0.1997868987941198
B0133,600,50,-50,555.8,0.669,2.28,4.14,14.95,83.41,3,3,25.81,2.83,64.32,36237126.38290808,6903491.061792808,0.1905087889377721
B0134,100,0,-20,550.9,0.773,2.27,4.05,14.26,69.7,3,9,27.05,2.02,51.39,28041809.584985204,5828558.244040196,0.2078524292940445
B0135,400,900,-70,473.3,0.586,2.88,4.22,10.41,71.63,2,9,22.22,2.82,57.0,26175110.02181827,5123145.123818133,0.1957258295971911
B0136,50,850,-40,583.7,0.805,2.34,4.94,14.73,88.79,1,5,23.41,4.43,69.12,40080485.88178013,7722132.404331018,0.1926656385131638
B0137,900,50,-80,525.6,0.7,1.78,4.5,9.38,62.42,3,10,25.74,0.99,48.54,25850544.557653077,5310251.77707009,0.2054212732434677
B0138,850,300,-90,545.0,0.872,2.32,4.2,12.85,102.75,3,6,35.61,2.81,85.7,46739141.35085014,8371753.126246333,0.1791165366818203
B0139,850,500,-80,455.4,0.937,2.64,3.78,15.39,86.36,1,7,30.93,1.53,67.19,30737119.165123984,5780343.459683241,0.1880574242703244
B0140,800,550,-40,544.8,0.509,2.31,4.71,12.86,106.65,2,9,29.44,1.94,89.08,48153666.759036064,8722689.498555368,0.1811427890258959
B0141,400,900,-50,440.8,0.83,2.2,4.6,9.06,80.35,3,7,20.31,2.59,66.69,28964802.265151583,5086929.032958948,0.1756245040581265
B0142,150,250,-80,465.2,1.093,1.73,4.95,10.48,81.44,2,5,30.95,2.51,66.01,30475777.32134079,5862748.159525868,0.1923740319306131
B0143,500,400,-70,423.5,0.761,3.68,4.75,12.62,75.15,1,8,22.53,2.57,57.78,24073008.54896077,4838049.540324879,0.2009740299175749
B0144,250,750,-100,566.9,0.537,2.01,4.46,9.36,71.68,2,9,28.12,2.87,57.86,32015185.811913405,5697809.2064355565,0.1779720798720244
B0145,700,900,-40,496.2,0.669,3.72,4.34,13.77,83.5,2,3,37.6,1.99,65.39,32384672.943423424,6112952.62530268,0.1887606719382997
B0146,150,700,-60,426.3,0.876,3.34,3.75,11.53,94.72,1,3,34.26,3.79,79.44,34235281.649038896,6028830.324390298,0.1760999189723198
B0147,150,50,-100,578.3,0.924,3.66,4.44,13.78,79.88,3,5,33.19,1.68,61.66,35317348.446127,7423755.069627188,0.2102013711746046
B0148,900,650,-70,338.8,0.707,1.82,3.9,14.07,91.44,2,2,24.01,2.61,73.47,25058267.961248323,4377407.940776767,0.1746891663680133
B0149,150,850,-70,442.4,0.855,2.49,3.26,11.33,70.57,3,8,24.92,3.38,55.98,24682352.234230097,4932205.286741527,0.1998271979889105
B0150,150,200,-40,468.9,0.995,2.48,5.34,17.62,61.7,1,10,28.08,1.78,38.74,18195750.42678565,4207434.396653446,0.2312317050941605
B0151,700,250,-50,449.1,0.82,2.77,3.64,11.21,98.91,1,5,28.63,2.18,84.06,38004197.01281029,6544683.281077555,0.1722094872540394
B0152,150,950,-10,581.5,0.917,2.41,3.71,12.32,108.07,3,5,29.34,2.38,92.04,54103344.74728207,9714143.482886754,0.1795479286587869
B0153,700,250,-10,582.7,0.885,2.23,4.29,13.44,93.8,1,6,21.78,2.25,76.07,44246574.47018132,8924498.894391762,0.2016992049950932
B0154,650,950,-70,551.6,0.844,2.51,4.32,15.15,62.44,3,8,32.55,2.09,42.97,23935003.33655788,5157797.085962419,0.215491805596889
B0155,700,550,-60,397.1,0.527,2.08,4.31,13.02,81.77,2,8,30.73,2.92,64.44,25913211.829406127,5120498.749295851,0.1976018558797542
B0156,500,200,-90,461.9,0.859,2.11,3.96,11.69,74.58,1,8,30.24,2.52,58.93,27148391.36463455,4954453.14336403,0.1824952748330443
B0157,400,300,-40,516.7,0.346,3.08,4.51,14.91,85.93,3,1,19.44,2.28,66.51,33599628.95157943,6581128.735788468,0.1958690896638341
B0158,550,50,-20,562.7,0.835,2.72,4.89,12.38,67.35,1,1,25.69,1.59,50.08,28096022.82601018,5112617.238817571,0.18196942928465
B0159,850,400,-20,481.6,0.646,0.78,3.67,11.63,102.24,1,10,18.83,0.81,86.94,41662630.30471017,7768160.992531005,0.1864539261135602
B0160,650,200,-40,522.9,0.781,3.4,3.48,12.92,80.18,3,1,21.22,3.42,63.78,32117875.68073959,6576669.320119214,0.2047666348015383
B0161,100,400,-40,556.7,0.863,3.2,2.9,11.72,95.06,3,8,25.8,2.35,80.44,44265643.09652224,8318706.136700653,0.1879269237896652
B0162,950,900,-30,574.5,1.2,2.16,3.94,13.49,94.79,3,10,22.89,1.59,77.36,44397313.22509667,8422552.766387334,0.1897086142056515
B0163,250,300,-60,532.0,0.709,2.93,4.25,12.82,81.79,3,4,23.66,3.31,64.72,34744361.42286332,6994625.357391282,0.2013168488625182
B0164,100,550,-100,467.4,0.77,1.69,4.41,12.33,63.03,1,3,26.19,0.67,46.29,21641562.538800374,4564429.789727483,0.2109103620195668
B0165,50,350,-10,488.6,0.916,2.02,3.86,12.86,107.1,3,2,29.59,4.7,90.38,44810190.97182421,7754132.65236644,0.1730439546049266
B0166,500,550,-10,462.8,0.578,2.55,5.02,10.69,113.15,3,10,27.61,3.17,97.44,46008240.46364123,8068890.199942984,0.175379238993492
B0167,550,200,-10,568.6,1.005,1.71,4.69,13.24,75.95,3,9,29.87,1.32,58.02,33119902.26711815,6362383.031125061,0.1921015037970602
B0168,750,750,-80,488.7,0.858,3.65,4.31,9.21,66.13,2,4,31.63,1.84,52.61,25559603.85129775,5594873.214976558,0.2188951459313203
B0169,600,400,-80,664.4,0.832,1.89,4.02,8.68,106.14,1,8,24.21,2.72,93.44,62069796.41343513,10699075.08594181,0.1723716800145001
B0170,750,100,-80,479.9,0.987,3.38,3.5,12.46,81.94,2,1,23.44,2.43,65.98,31546656.21049273,6186240.495807075,0.1960981365039084
B0171,900,350,-60,412.3,0.669,0.81,3.71,9.51,70.26,3,1,25.37,3.21,57.04,23068465.38685349,4175907.125303261,0.1810223200925655
B0172,50,500,-40,711.4,0.7,2.59,3.72,10.3,67.04,1,6,29.54,3.42,53.02,37443857.38648524,7756003.030388126,0.2071368596011032
B0173,400,850,-20,578.9,0.796,3.56,4.35,13.69,98.03,3,9,33.58,1.79,79.99,46183469.97969366,8836572.164940916,0.1913362544829623
B0174,150,450,-70,412.1,0.633,1.65,4.39,13.58,80.05,2,1,18.72,2.33,62.08,25070193.94633788,5026706.14193242,0.2005052754155774
B0175,500,0,-30,417.2,0.967,2.35,3.26,13.1,96.83,1,5,29.77,2.44,80.47,32869865.28074428,5995394.931760584,0.1823979161628261
B0176,450,700,-10,669.7,0.694,1.77,4.47,13.18,79.52,3,9,35.59,0.89,61.87,40315125.02215157,7879919.508027458,0.1954581439025118
B0177,300,450,-50,423.5,0.848,2.61,4.4,13.23,64.7,1,8,28.02,2.66,47.07,20044304.49652376,4003368.436753449,0.1997259838797472
B0178,200,550,-80,498.1,0.743,2.41,4.43,14.34,80.95,2,8,39.34,1.0,62.18,30803235.576071784,5776554.401722785,0.1875307672616724
B0179,750,900,-10,540.4,0.761,1.74,4.16,12.15,61.53,1,9,26.01,3.23,45.22,24557623.68509405,5263945.525861516,0.2143507691689492
B0180,300,100,-60,592.3,0.651,3.84,3.9,10.37,83.07,2,7,28.49,1.89,68.8,41266541.4521305,6933547.387160051,0.1680186209741618
B0181,800,0,-30,664.8,0.702,2.61,5.03,11.05,72.28,2,9,25.58,2.38,56.2,36886219.13690387,7390246.672028819,0.200352512264805
B0182,500,100,-100,559.5,0.712,4.25,3.51,12.12,71.63,2,8,31.81,2.33,56.0,31624305.17513823,5991609.299260205,0.1894621641828377
B0183,350,0,-80,650.0,0.751,1.87,2.96,12.75,99.65,1,6,23.64,1.7,83.94,55031003.79404627,8995343.554263836,0.16345955795989
B0184,50,150,-30,591.8,0.719,2.25,3.7,12.32,83.35,1,5,22.32,2.22,67.33,39509446.75245039,7442613.021963778,0.1883755312646129
B0185,350,450,-40,592.8,0.671,1.15,4.88,8.23,52.74,1,3,22.85,2.19,39.63,23279420.652040444,4533324.645284922,0.1947352862876153
B0186,750,700,-100,554.6,0.527,0.5,4.29,8.69,81.65,1,3,23.18,2.83,68.67,38111156.78931658,6061511.566751419,0.1590482178292367
B0187,200,400,-70,446.7,0.741,3.67,3.65,13.99,102.63,3,7,26.92,0.69,84.99,37857581.92383544,6405036.590280469,0.1691876835442521
B0188,350,650,-60,649.1,0.909,1.64,4.55,10.43,104.97,3,1,31.39,2.08,89.99,56992867.13427912,9611749.53667407,0.1686482891627144
B0189,50,800,-60,474.3,0.616,2.54,4.29,9.84,91.6,3,10,34.71,4.81,77.47,35954273.75672937,6305079.091433862,0.175363828347493
B0190,950,950,-60,575.0,1.044,1.33,4.26,13.74,72.98,1,6,32.66,2.77,54.98,31255504.828470357,5635414.474538132,0.1803015022622474
B0191,600,950,-70,352.2,0.523,3.39,3.54,13.31,86.94,2,5,24.25,2.29,70.09,24399100.04923852,4641547.503682904,0.1902343731660612
B0192,550,0,-20,555.5,0.55,2.25,4.62,9.01,92.03,2,1,19.7,2.76,78.4,44387296.426978685,7788588.391208606,0.1754688619979721
B0193,100,550,-100,616.7,0.505,2.71,3.74,14.22,112.01,3,5,24.54,2.04,94.05,58649839.15583533,10487585.479873586,0.1788169521148657
B0194,100,900,-40,409.2,1.003,2.35,4.99,10.72,70.81,3,3,27.2,3.63,55.1,22742931.82504293,4363889.39611385,0.1918789287891475
B0195,50,200,-100,538.5,0.756,3.3,3.37,9.03,76.93,1,6,35.6,2.9,64.53,34958284.41725798,6276522.713840983,0.1795432132459689
B0196,650,750,-80,357.4,1.077,3.65,4.38,16.11,84.84,1,1,28.26,1.42,64.35,22992860.066966675,4725213.353427847,0.2055078550326348
B0197,650,400,-10,503.7,0.526,2.09,3.47,9.36,72.39,3,9,22.86,2.62,59.56,29783602.661041614,5154390.339071152,0.1730613451210636
B0198,100,650,-60,595.2,1.252,3.13,3.37,9.92,80.36,1,2,39.16,2.43,67.07,40751553.9213002,7191802.035703438,0.1764792098380424
B0199,350,400,-30,459.0,0.665,2.15,4.47,15.03,76.9,3,8,30.6,3.29,57.4,27315919.21947377,5169650.3726961175,0.1892541243499734
B0200,500,650,-40,539.4,0.776,3.27,3.65,11.68,104.17,3,6,23.32,1.42,88.84,48221422.65003235,8704906.713167414,0.1805194918520632
B0201,700,650,-40,532.9,0.785,1.76,3.94,9.98,87.3,1,3,28.3,2.19,73.38,38393780.62932012,6588156.028994396,0.1715943551535331
B0202,800,300,-60,456.9,0.866,2.6,3.55,10.92,87.87,1,2,20.98,1.88,73.4,34548736.50538432,5548721.661748108,0.1606056320144545
B0203,700,400,-10,463.1,0.829,2.27,5.1,11.66,83.08,3,9,34.84,1.41,66.32,30605760.836816136,5702056.576919929,0.1863066436192247
B0204,450,550,-40,551.6,0.828,3.22,3.85,11.22,72.74,3,2,32.97,1.52,57.67,32161740.520697504,6020190.466715738,0.1871848466298482
B0205,300,400,-10,571.1,1.02,1.75,4.67,9.31,103.04,2,4,38.3,2.15,89.06,50437981.56802677,8771355.69967012,0.1739037809798159
B0206,750,650,-80,378.4,0.733,2.19,3.77,15.62,91.98,3,2,29.25,3.82,72.59,27489765.485380616,4870938.677085179,0.1771909869393248
B0207,750,900,-70,683.0,0.728,2.81,3.22,16.3,89.59,1,5,24.22,2.49,70.07,48322975.2555787,9829737.55111255,0.2034174737611535
B0208,850,50,-70,469.8,1.08,2.91,4.17,10.67,100.82,1,2,21.55,2.91,85.98,41298531.07822782,7578622.455808071,0.1835082812377181
B0209,0,450,-90,551.3,0.844,1.94,4.7,10.57,78.3,1,1,34.57,2.18,63.03,34668065.992285974,6593624.723320724,0.1901930359999856
B0210,700,700,-60,546.7,0.714,3.01,4.08,10.08,109.27,2,3,27.87,1.67,95.11,51478247.84067717,8845854.877101509,0.1718367514076824
B0211,300,750,-20,516.0,0.945,4.8,4.02,14.55,79.57,2,4,18.41,2.3,61.0,31831575.275434293,6316876.033179846,0.1984468559447899
B0212,350,700,-90,464.2,0.788,2.5,4.32,11.59,100.51,1,5,24.46,2.42,84.6,39646056.642072834,7660003.53128816,0.1932097207155599
B0213,600,200,-100,461.7,1.152,1.19,4.62,9.3,68.28,3,4,30.85,3.66,54.36,25176329.336249024,4983934.552847422,0.1979611279421708
B0214,0,200,-10,472.0,0.649,2.59,4.31,9.15,84.14,3,2,24.73,3.1,70.68,33121073.15054336,5754488.631650821,0.1737410078923248
B0215,150,50,-30,454.2,0.876,3.08,3.67,11.94,100.94,3,2,21.08,2.65,85.33,38923797.1574434,7213425.680408373,0.1853217365004418
B0216,100,450,-60,351.6,0.636,2.25,3.76,15.3,89.51,3,2,30.57,1.21,70.45,24966659.068543967,4702870.7194236405,0.1883660407470733
B0217,550,150,-70,559.9,0.788,2.83,4.53,11.56,107.09,1,6,36.46,2.9,91.0,51537066.25227993,9013792.95315952,0.1748992251331489
B0218,800,0,-80,436.3,0.69,2.04,3.68,11.09,78.38,2,10,29.68,3.23,63.61,27354447.30144616,5036985.898163419,0.1841377324372818
B0219,900,550,-40,722.5,0.821,3.18,4.03,9.88,93.79,3,3,27.85,2.18,79.88,57697643.0570405,10122628.547804514,0.1754426699509575
B0220,850,0,-40,550.2,0.749,2.85,4.73,11.67,68.05,1,3,40.35,2.97,51.65,28947312.03744941,5109621.816395421,0.1765145520173014
B0221,0,950,-20,503.4,0.672,2.88,4.3,11.54,94.28,1,6,23.88,3.12,78.44,39758345.07754855,6144630.278509119,0.1545494478335059
B0222,250,400,-70,550.2,0.637,3.08,4.13,12.81,83.69,3,1,26.93,2.3,66.75,36882246.19840383,6971337.413039058,0.1890160749846293
B0223,250,400,-80,413.8,0.825,2.48,3.43,11.88,66.87,3,6,26.04,2.26,51.56,21426478.134258486,3695709.060021813,0.172483272186146
B0224,700,750,-50,659.6,0.754,2.58,3.26,12.82,86.68,3,5,23.13,1.66,70.6,45943969.38886231,8073780.465721304,0.1757310169999926
B0225,850,0,-50,477.7,0.933,3.24,4.44,12.38,107.18,2,3,24.36,3.27,90.36,44226582.10836236,7648525.646102414,0.1729395599090672
B0226,500,900,-60,615.7,0.626,2.97,4.24,8.36,84.23,3,9,27.24,3.31,71.63,43910776.101238936,7315380.764500362,0.1665964807279723
B0227,450,0,-90,544.3,0.866,2.47,3.4,12.18,90.46,3,8,18.57,3.38,74.88,39911388.66783914,7508545.249268419,0.1881303933510801
B0228,300,200,-90,649.2,0.87,2.11,4.79,12.65,87.03,1,3,29.93,2.64,69.59,45611872.91331597,8168801.590351903,0.1790937549500866
B0229,650,900,-60,525.0,1.123,1.12,3.47,14.21,85.2,2,5,32.75,2.52,67.52,36036976.56970566,6977091.534688016,0.1936092369234238
B0230,750,400,-80,438.5,0.854,2.69,3.75,12.15,71.68,1,1,27.71,3.06,55.78,24222771.06950064,4400737.445058842,0.1816777045215894
B0231,250,900,-80,544.9,0.898,2.34,3.88,10.23,91.87,1,5,35.18,2.87,77.76,42263803.59033851,7476500.498016967,0.1769007960212575
B0232,600,650,-10,514.9,0.545,2.81,5.09,8.0,72.12,1,2,24.35,2.53,59.03,30369318.64789513,5665683.803158357,0.1865594638077611
B0233,850,850,-30,528.1,0.85,1.69,4.48,13.52,112.72,3,4,28.58,3.37,94.72,49455254.464415625,9792991.26723848,0.198017205113863
B0234,0,150,-100,528.6,0.609,3.44,4.31,10.05,70.41,3,3,29.05,3.87,56.05,29091452.596299868,5450471.141306897,0.1873564451023714
B0235,500,150,-60,397.4,0.55,3.42,3.8,11.79,105.05,3,9,26.86,4.3,89.46,35205161.0574527,5881198.700677574,0.1670550147769474
B0236,150,750,-60,557.3,0.782,3.09,3.76,12.7,62.36,3,5,26.69,1.64,45.9,24621381.622404844,5263274.704849048,0.2137684548156956
B0237,450,600,-20,358.7,0.884,2.73,3.6,12.0,84.55,3,8,29.74,2.79,68.95,24874420.41881304,4519421.38197878,0.1816895150071777
B0238,100,100,-100,547.6,0.934,1.89,5.3,12.51,77.53,1,1,23.33,2.91,59.72,33093209.30671821,6527441.40628857,0.1972441338581036
B0239,700,850,-100,543.3,1.107,4.29,3.6,12.28,72.43,2,6,29.84,2.75,56.55,30053785.548584927,6198222.190175089,0.2062376528292932
B0240,950,150,-80,588.4,0.723,3.26,3.48,10.45,95.17,2,7,24.13,3.81,81.24,48935750.62848234,8093017.882671308,0.1653804790716929
B0241,200,200,-50,501.9,0.682,2.49,3.99,9.07,94.56,2,4,30.26,2.83,81.5,39801262.58573623,7279446.205611978,0.1828948564114332
B0242,750,900,-20,384.0,0.669,1.51,5.27,14.57,64.89,3,7,21.69,4.64,45.05,17217551.909474473,3883760.5338125424,0.2255698460636199
B0243,450,650,-10,486.9,0.718,2.44,4.28,13.6,87.8,1,6,25.52,3.27,69.92,34570929.70538292,6598782.473162232,0.190876627542208
B0244,750,850,-40,492.4,0.697,2.39,3.95,9.94,89.66,2,6,32.79,1.25,75.77,37263380.72344171,6953827.652800088,0.1866129030108522
B0245,700,750,-10,575.2,1.007,3.02,3.61,9.36,88.93,2,3,22.9,2.89,75.96,44522795.51524199,8070664.802854889,0.1812703966464093
B0246,950,200,-20,632.9,1.126,2.36,4.7,12.78,82.13,2,3,23.43,2.13,64.65,41350830.77227364,7347965.323678135,0.1776981305199086
B0247,150,350,-90,605.9,0.864,0.79,4.96,10.39,71.68,3,2,28.7,3.67,56.33,34527779.10792985,6715300.172748904,0.1944897802942277
B0248,600,900,-60,481.5,0.865,1.73,3.54,10.18,105.45,3,3,29.77,2.48,91.73,43429859.26017799,7486416.644994318,0.1723794820550757
B0249,850,850,-100,447.2,0.787,3.28,3.86,11.24,88.41,2,7,33.7,1.93,73.31,33178890.77698381,5709169.886923656,0.1720723554412526
B0250,800,200,-30,608.8,0.836,1.81,3.76,12.29,67.19,3,2,24.39,2.7,51.14,31263839.47827487,6208367.616359714,0.1985798200081562
B0251,750,650,-80,429.1,1.002,1.68,3.83,12.92,111.75,3,5,20.23,2.25,95.0,40654479.25455026,7343007.232941606,0.1806198816854784
B0252,500,450,-40,429.8,0.647,3.02,4.23,15.24,48.83,2,4,26.27,1.58,29.36,12632423.17346612,2840914.8697571307,0.224890730048084
B0253,300,200,-100,558.5,0.716,2.62,3.69,14.37,66.46,3,4,31.8,1.58,48.4,26801396.503011703,5738156.1797652105,0.2140991488678736
B0254,50,600,-50,419.2,0.839,1.59,4.08,9.83,89.53,1,7,23.52,3.19,75.62,31831244.729310863,5277503.028233398,0.1657963134370854
B0255,900,550,-20,462.6,0.587,3.3,3.75,10.51,79.09,1,1,24.58,2.25,64.83,29822078.218251005,5686127.590015174,0.1906683883129004
B0256,700,850,-60,520.0,0.834,1.75,3.93,13.35,87.73,2,1,24.57,3.39,70.45,36596547.40577986,6336571.443114316,0.1731467007763019
B0257,0,500,-40,551.7,0.585,2.79,4.28,12.11,78.61,3,7,32.03,0.9,62.22,34843080.28489439,6615920.9473654125,0.1898776139557796
B0258,950,0,-40,540.4,0.858,3.26,4.55,13.96,81.04,2,4,26.63,2.34,62.53,33305697.7718491,6779247.912008333,0.2035461907583375
B0259,900,50,-30,476.5,0.809,2.36,4.33,10.02,67.98,3,1,27.93,3.64,53.63,25525415.569915805,4531007.784412566,0.1775096578546129
B0260,800,50,-60,440.4,0.825,2.79,4.31,12.09,88.51,1,2,21.4,3.09,72.11,32023446.86998285,5655412.921142199,0.1766022547199094
B0261,0,600,-70,383.1,0.849,1.23,6.03,12.89,70.44,3,4,33.22,3.01,51.52,19985882.676605582,3526497.959259599,0.1764494476587482
B0262,250,400,-100,504.6,0.965,3.18,4.35,15.27,88.37,1,5,26.69,2.95,68.75,34745261.99435234,6422497.507980927,0.1848452749910152
B0263,300,750,-30,471.9,0.739,2.43,5.05,11.45,97.43,3,7,21.41,1.49,80.93,37889881.2244444,7010163.751950819,0.1850141390105034
B0264,650,750,-50,656.0,0.805,3.5,4.38,14.02,94.38,1,10,32.49,2.91,75.98,50287892.48512442,10899125.394532362,0.2167345827379108
B0265,0,400,-100,432.0,0.705,1.35,3.84,11.11,82.71,2,2,33.54,3.36,67.76,29376893.306538858,5487879.881704144,0.1868094023571452
B0266,700,300,-60,510.8,0.83,1.59,4.95,12.32,69.49,3,4,33.54,1.75,52.22,26992364.08312658,5806386.78880133,0.2151121988025868
B0267,750,350,-10,431.1,0.823,2.64,4.88,10.51,72.06,2,5,31.74,1.62,56.67,24409071.862611905,4795034.387962452,0.1964447650837207
B0268,200,450,-90,386.0,0.634,1.59,4.41,12.0,76.89,3,4,20.91,3.16,60.48,22791985.219319347,4357649.532240066,0.1911921884078073
B0269,200,600,-50,514.0,0.955,2.44,4.5,10.68,104.78,2,10,29.9,2.66,89.6,46171174.60510812,8148392.574026711,0.1764822455507818
B0270,900,500,-100,392.8,0.894,2.0,4.07,12.57,80.74,1,7,30.46,1.79,64.1,25522795.745994423,4832505.836518866,0.1893407714661229
B0271,500,650,-70,510.1,0.986,2.26,4.66,10.04,58.74,2,2,28.54,3.98,44.04,22344514.658508863,4628590.547541844,0.2071466137564667
B0272,0,200,-80,459.2,0.894,2.05,4.37,10.01,71.77,1,6,33.85,2.17,57.39,26520501.17434026,4955955.757791691,0.1868726282815045
B0273,700,850,-50,418.3,0.958,1.5,4.22,9.08,99.51,2,10,24.19,3.1,86.21,36585126.06948106,6332976.789619071,0.1731025001141646
B0274,900,750,-40,514.1,0.673,1.72,3.26,14.88,91.26,2,3,36.5,0.95,73.12,38367763.56191743,7159114.851291629,0.1865919247479289
B0275,350,250,-60,538.9,0.762,2.77,5.29,15.62,100.57,1,4,25.39,2.72,79.66,41603691.07678408,8048152.853709904,0.1934480486083836
B0276,450,550,-30,615.8,0.642,1.34,5.22,14.55,71.65,1,8,27.11,1.99,51.88,31037818.75926371,7007075.814382658,0.2257592863960934
B0277,700,600,-80,392.8,0.935,2.93,4.06,14.46,84.45,3,6,25.14,2.98,65.93,25893943.98779925,5187705.456818229,0.2003443530758613
B0278,900,50,-80,542.8,0.79,1.72,3.92,9.37,62.63,3,10,31.66,3.53,49.34,26594589.74403584,4813555.26981358,0.1809975380760697
B0279,400,800,-90,406.4,0.757,3.32,4.12,10.28,78.17,3,7,30.39,3.5,63.77,26021162.23650432,4887903.318336798,0.1878433896960875
B0280,350,950,-20,578.0,0.859,1.72,4.18,13.83,117.48,2,3,34.69,2.42,99.47,57092746.03658062,10539335.789674472,0.184600260476553
B0281,200,950,-70,517.8,0.825,3.22,4.72,10.81,86.92,3,9,17.11,3.09,71.39,37148295.94708108,6787058.255501658,0.1827017385984551
B0282,600,150,-90,571.8,0.814,2.38,2.86,11.9,99.74,1,1,27.75,4.54,84.98,48173336.69436369,8408015.162712138,0.174536698922412
B0283,500,0,-40,479.0,1.1,2.59,4.38,9.43,76.43,3,1,30.55,2.42,62.62,29692582.825098827,5809335.366228107,0.1956493781779582
B0284,500,850,-30,599.6,0.651,3.17,3.26,12.6,79.46,3,5,30.83,2.4,63.6,37629777.58716951,7683538.565159942,0.2041877220071524
B0285,650,550,-80,418.7,0.688,2.77,3.35,16.65,92.71,1,4,25.93,1.65,72.71,31015296.304697696,5951378.011739009,0.1918852540782462
B0286,0,250,-20,510.0,0.916,2.44,4.5,14.42,114.38,1,5,28.88,2.82,95.46,48065534.33951624,8928793.293707505,0.1857629050919934
B0287,850,500,-70,564.2,0.75,2.2,4.2,12.38,77.1,3,1,30.35,2.11,60.52,33769794.24902009,6210526.246905633,0.1839077313029778
B0288,600,400,-40,575.5,0.634,1.01,4.52,9.64,107.82,1,6,23.61,1.95,93.66,54968264.365553305,9310347.556154933,0.1693767788307575
B0289,900,350,-20,414.1,0.425,3.69,3.49,9.38,111.66,1,4,23.43,1.0,98.79,41083084.34092253,6710011.083421397,0.1633278316627656
B0290,150,800,-40,474.7,0.718,1.75,3.21,13.02,76.08,3,1,31.76,1.72,59.85,28037084.864795502,5470256.731681484,0.19510789934335
B0291,0,200,-60,436.6,0.847,3.08,4.44,10.64,77.94,3,5,28.05,1.8,62.86,27523473.925062567,5073053.958632078,0.1843173566114636
B0292,750,150,-10,523.3,0.757,2.54,3.23,12.2,83.89,2,4,27.51,3.51,68.46,36479833.67117531,6328330.506948604,0.1734747631798815
B0293,150,200,-100,538.9,0.817,1.12,3.12,9.09,77.55,2,2,31.13,2.34,65.34,34336163.85432003,6171766.157529973,0.1797453607140061
B0294,300,700,-90,508.4,0.652,1.83,4.15,11.19,91.7,1,5,23.05,1.8,76.36,38973256.34953289,7286554.061409092,0.1869629264760275
B0295,450,250,-40,449.5,0.935,2.8,3.26,11.15,57.44,2,2,20.16,3.87,43.03,19427941.017039604,3938612.352731878,0.2027292727148724
B0296,50,200,-60,570.1,0.717,1.65,3.88,11.38,61.55,1,3,24.82,3.1,46.29,26295520.01382996,5192409.951075158,0.1974636724561539
B0297,250,600,-20,440.5,0.996,1.72,3.86,15.33,96.32,1,6,25.41,1.77,77.13,33587791.75091079,6691046.13091582,0.1992106590554403
B0298,400,900,-80,378.4,0.866,2.93,4.32,10.68,117.1,3,1,22.37,2.78,102.1,39012310.97534327,7072169.953853914,0.1812804670383073
B0299,300,100,-20,449.3,0.898,2.49,4.36,11.3,100.71,2,7,32.31,3.5,85.05,39836021.53006757,6494475.661871116,0.163030227729172
B0300,300,350,-10,447.0,0.875,3.32,5.29,12.04,61.81,1,2,25.39,2.06,44.48,19942929.81931001,3895580.6695320215,0.1953364277379181
B0301,900,650,-50,450.4,0.778,2.25,3.43,11.86,70.24,2,8,31.41,2.66,54.95,25410563.31134315,5069869.210076536,0.1995181747038788
B0302,300,700,-10,519.1,0.829,1.17,2.95,17.19,77.86,2,3,36.91,1.08,57.72,30105927.595067546,6142721.440858082,0.2040369432717457
B0303,750,350,-10,432.3,0.783,1.75,2.83,12.28,61.54,1,9,30.13,2.92,46.43,19572149.394774325,4075299.4222446736,0.2082193089805844
B0304,850,350,-80,565.5,1.002,2.71,4.43,12.63,48.21,2,1,24.0,4.08,31.15,17990035.30781231,3888978.9749136544,0.2161740601601174
B0305,300,600,-100,509.6,0.595,2.09,4.54,9.64,93.17,3,4,29.58,3.53,78.99,40927517.56120196,6887743.3300793385,0.1682912558715437
B0306,750,200,-10,477.4,1.078,3.31,4.5,12.25,61.38,2,6,36.73,2.41,44.63,21154708.99917833,4219916.458777176,0.199478823317356
B0307,800,600,-20,539.5,0.681,1.65,4.95,12.28,78.49,3,7,34.79,1.89,61.26,32856703.61078022,6425498.550437507,0.1955612658699369
B0308,0,550,-80,426.2,0.845,2.86,3.51,13.59,66.23,1,8,39.22,2.77,49.13,20956987.74702069,4045401.6390189063,0.1930335450806384
B0309,550,500,-90,500.4,0.778,2.06,3.9,12.34,97.55,2,7,25.97,3.79,81.31,41016528.64782715,8052383.840344239,0.1963204616724876
B0310,50,700,-100,446.9,0.863,1.95,3.51,10.5,80.05,1,2,25.75,2.3,66.04,29693245.164070606,5774291.451266963,0.1944648157977009
B0311,400,700,-70,481.4,0.875,1.93,2.57,13.81,74.26,1,5,31.22,2.55,57.88,28495662.642959934,5020225.48044028,0.1761750741978469
B0312,900,500,-40,479.5,0.933,1.68,4.4,11.59,111.49,1,3,22.46,1.72,95.5,45483778.354644336,7864803.289150744,0.1729144669518791
B0313,0,400,-80,446.1,0.733,2.07,4.57,13.51,83.5,1,8,28.58,1.97,65.42,29313487.58632968,5699777.965328,0.1944421641587979
B0314,550,800,-10,431.3,1.016,3.37,3.76,11.07,76.97,3,4,24.17,2.26,62.14,26806510.84767273,5241574.840857964,0.1955336474277861
B0315,650,950,-50,495.6,0.971,4.88,3.82,9.39,84.78,2,9,22.79,2.24,71.57,36217859.35400696,6497986.606574537,0.1794138781936496
B0316,600,100,-80,496.2,0.761,2.77,4.08,14.22,99.83,1,10,24.22,1.91,81.53,39611695.474602245,7119481.598270265,0.1797318068052666
B0317,450,0,-20,594.8,1.112,2.58,4.37,13.27,96.06,3,7,30.27,1.95,78.42,46121243.383448765,8699817.694741046,0.1886292965350343
B0318,0,650,-40,528.7,0.7,2.28,4.05,15.15,89.52,2,4,25.12,3.48,70.32,37708043.32019489,7480783.446536365,0.1983869431519922
B0319,400,300,-50,320.1,0.922,1.77,3.91,13.0,76.89,2,5,29.39,2.95,59.98,19416996.58288203,3512445.5052736923,0.1808954072933326
B0320,700,900,-70,423.2,0.82,3.24,4.87,8.34,68.14,1,10,33.34,3.26,54.93,23332653.46551045,4352834.400419981,0.1865554814352424
B0321,750,900,-70,497.6,0.686,2.5,4.3,11.69,109.08,2,8,31.39,3.13,93.09,47164885.00040129,8310514.856044807,0.176201317059802
B0322,550,0,-70,510.6,1.193,1.62,4.86,13.74,94.81,1,7,34.02,3.28,76.21,38850897.098545305,7422353.066507058,0.1910471474488802
B0323,850,350,-60,473.2,0.85,4.0,4.63,13.1,98.81,3,8,30.92,3.14,81.08,38699403.24981486,6768484.016707697,0.1748989247460832
B0324,150,950,-100,464.3,0.745,4.01,3.49,10.57,107.66,2,5,26.9,3.8,93.6,43601655.48691712,7333052.108829527,0.1681828826666878
B0325,700,800,-40,499.1,0.835,3.0,5.14,8.4,90.97,1,1,36.98,4.26,77.43,38907602.19201553,6399663.309125941,0.1644836214152322
B0326,750,300,-20,599.1,0.939,1.6,3.87,10.19,115.34,3,9,24.56,2.83,101.28,60607907.01388568,9867699.696192682,0.1628120847983073
B0327,600,100,-50,580.3,0.658,1.82,4.28,11.17,67.15,1,4,25.91,3.43,51.7,29491481.395847406,6092372.117257081,0.2065807422652877
B0328,900,750,-90,506.7,0.799,1.64,4.48,12.12,84.1,2,1,17.27,1.17,67.5,34432121.81368541,6492584.189018399,0.1885618383946891
B0329,550,200,-40,524.4,0.898,4.01,3.75,15.17,76.58,3,9,27.49,2.4,57.66,30120260.83741272,5956452.8792419,0.1977556871567102
B0330,450,400,-80,426.1,0.892,1.57,4.2,11.1,96.67,1,4,17.34,3.38,81.37,34871096.85920739,6125054.9365626415,0.1756484736139115
B0331,100,100,-50,436.4,0.829,2.02,4.82,10.01,49.81,3,3,24.68,0.94,34.98,15385081.490764266,3145920.9276289428,0.2044786652262747
B0332,600,550,-20,429.0,0.482,3.04,4.57,10.58,63.45,3,6,28.69,3.68,48.3,20486042.07573553,3986596.461322754,0.1946006186350966
B0333,550,850,-10,492.6,0.724,2.38,3.72,14.81,64.72,3,6,33.75,1.14,46.19,23144849.313135184,4994149.7248337,0.2157780185675875
B0334,450,550,-30,334.9,0.941,1.37,3.62,14.66,64.83,2,6,24.69,3.9,46.55,15634460.215494985,3082271.484567804,0.1971460122117314
B0335,700,350,-50,496.2,0.992,2.96,4.05,15.03,75.67,2,2,32.8,4.15,56.59,27939080.831474,5662114.93854708,0.2026593134076401
B0336,800,50,-10,542.0,0.818,3.91,4.47,11.31,91.78,2,7,20.28,1.03,76.0,40759034.04065546,6634176.480326428,0.1627657925776432
B0337,200,250,-60,571.1,0.744,1.87,4.47,9.7,75.41,2,5,24.19,3.03,61.24,34807817.35186887,5880117.670138148,0.1689309505016245
B0338,150,700,-70,488.1,0.836,1.95,4.55,10.82,77.7,2,8,27.74,2.58,62.33,30960158.345915884,5696612.708580056,0.1839981774295907
B0339,600,50,-30,365.1,0.963,3.4,4.4,15.35,89.03,3,5,30.27,3.4,69.28,25140475.81850365,4584273.316709148,0.1823463227110074
B0340,650,500,-50,434.3,0.773,3.1,3.06,8.46,118.34,3,4,33.73,2.46,106.82,46153185.06766623,7085011.851298223,0.1535107889284505
B0341,750,0,-30,543.5,1.255,1.62,3.8,14.45,84.3,2,5,26.48,2.42,66.05,35978048.79849502,6710672.561686684,0.1865213035668403
B0342,100,600,-20,352.4,0.521,4.14,3.78,8.23,80.11,1,4,29.03,3.25,68.1,23955173.178205207,3971790.658180596,0.1658009578404632
B0343,300,500,-70,488.5,0.946,1.78,5.16,9.24,93.25,1,4,28.63,3.49,78.85,38398215.74655802,6651733.985541838,0.1732302883406267
B0344,750,700,-10,498.5,0.737,2.93,5.23,11.6,97.98,2,9,24.28,1.31,81.15,41272479.55878405,7065237.91222056,0.1711852059229346
B0345,200,550,-90,574.4,0.591,1.42,3.95,11.97,74.27,2,5,34.19,3.37,58.35,33036964.40471751,6608683.9156863205,0.200039078491807
B0346,500,850,-40,477.9,0.862,3.15,4.97,9.93,64.98,3,6,33.34,3.09,50.08,23896683.959952693,4949687.031102022,0.2071286141372989
B0347,300,550,-30,465.5,0.792,1.69,4.09,12.09,78.94,3,9,22.27,2.35,62.76,29636222.117665157,5250016.484594741,0.1771486414074816
B0348,550,800,-70,313.3,0.742,2.11,4.34,8.0,113.93,2,10,30.76,1.28,101.59,31597103.834610198,5407413.738403064,0.1711363727102102
B0349,450,950,-90,552.0,0.714,1.87,4.26,11.9,69.7,2,5,33.97,2.18,53.54,29039139.17516261,5656508.500864866,0.1947891246618949
B0350,650,900,-20,403.1,0.783,1.06,5.43,10.3,95.62,1,4,31.35,2.82,79.89,31930989.065667897,5559697.40449405,0.1741160410991409
B0351,900,250,-80,415.3,0.847,1.66,4.5,10.46,103.7,1,8,22.44,0.82,88.74,37609070.35990504,6850075.736431356,0.1821389274150793
B0352,450,150,-80,517.8,0.884,2.32,3.98,10.99,98.4,3,3,22.43,3.2,83.43,42839481.67224684,7540983.293856853,0.1760288173314246
B0353,750,750,-20,375.1,1.063,1.46,5.6,12.23,83.87,1,10,23.08,2.33,66.04,24352261.77775366,4540556.346665892,0.1864531675991506
B0354,150,650,-30,590.0,1.014,1.1,4.15,14.62,60.28,3,9,28.27,4.1,41.51,24238975.714898933,5259409.479160108,0.2169815070167059
B0355,250,50,-70,588.6,0.799,2.52,4.42,11.53,83.68,1,5,19.11,2.75,67.73,39610859.45301963,7228375.264117188,0.1824846863696655
B0356,250,450,-10,448.7,0.545,4.25,3.95,13.51,59.44,2,5,33.41,1.48,41.98,19173965.65074616,4218116.209188124,0.2199918517651029
B0357,900,500,-70,493.1,0.697,2.82,3.79,8.91,76.64,1,9,28.68,3.19,63.94,30960581.480372496,5408720.983686389,0.1746970090699122
B0358,850,450,-100,347.7,1.222,3.26,4.22,11.54,83.14,3,2,15.0,2.65,67.38,22823557.361918405,4475665.181255951,0.1960984920222688
B0359,100,750,-100,439.9,1.119,2.54,4.25,14.47,83.71,1,1,38.95,2.45,64.99,28079626.251521688,4873011.245579104,0.1735425963981634
B0360,350,550,-20,560.1,0.871,2.59,4.4,11.95,79.21,3,1,21.18,4.01,62.86,36655965.27337613,6762804.855262801,0.1844939781240666
B0361,800,350,-100,572.9,0.752,2.4,2.5,10.29,63.18,3,1,35.05,1.75,50.39,28761226.187625878,5132578.246846415,0.1784547784355118
B0362,100,50,-90,445.2,0.654,2.32,3.97,11.99,81.19,3,8,30.3,3.44,65.23,28756845.84907794,5644112.293216198,0.1962702141548382
B0363,250,500,-40,468.3,0.764,1.61,4.12,10.41,82.38,3,5,33.73,2.5,67.85,32091821.32679019,6122598.259075442,0.1907837575414988
B0364,600,250,-90,480.3,0.846,2.76,4.3,14.7,91.74,2,2,22.52,2.86,72.74,36063407.4010195,6725606.317381924,0.1864939228452327
B0365,950,200,-70,322.9,0.658,1.63,4.63,11.98,81.16,1,10,29.76,3.31,64.55,20985324.823843803,3804569.171527921,0.1812966538981145
B0366,750,100,-10,464.3,0.553,2.0,2.87,10.14,72.91,1,7,30.01,1.25,59.9,28138471.414484967,5142430.44666956,0.1827544350551454
B0367,600,550,-90,501.3,0.636,0.88,4.06,12.22,96.45,1,8,34.1,2.67,80.17,39689208.96305527,7137846.059147419,0.179843495137222
B0368,500,550,-80,633.2,1.079,2.42,4.39,15.41,100.63,2,5,22.32,2.67,80.83,50200778.8202768,8588708.71241239,0.1710871606825209
B0369,350,50,-50,603.4,0.784,1.5,5.4,11.37,89.7,1,5,28.49,2.24,72.93,44258709.1154897,8168574.207678708,0.1845642218430601
B0370,150,450,-40,604.0,0.861,2.65,4.31,11.95,79.78,2,4,32.23,1.82,63.52,38710132.31833087,7554642.730553737,0.1951593104469006
B0371,950,400,-90,617.7,0.869,2.58,4.9,10.07,95.0,3,7,22.55,2.69,80.03,49249988.19356766,8986312.195124555,0.1824632355200893
B0372,500,350,-20,578.5,0.858,2.08,3.35,13.54,92.96,3,8,21.42,3.22,76.07,44283390.46637294,7848451.991597386,0.1772324094641577
B0373,600,700,-90,454.0,0.601,1.14,4.26,12.02,77.37,2,9,21.57,3.79,61.09,27100753.00801083,5446803.200981792,0.200983463425232
B0374,650,400,-70,446.0,1.093,2.74,4.5,10.56,88.82,2,6,25.46,3.35,73.76,32958857.976699363,5935560.398381985,0.1800899898466808
B0375,900,250,-60,491.6,0.863,3.66,3.74,13.56,72.41,2,2,25.24,2.3,55.11,26703768.360274795,4794061.431001898,0.1795275245921345
B0376,50,550,-30,402.3,0.734,3.16,4.7,11.39,90.02,2,2,30.79,3.34,73.93,29359579.98316072,5285345.258941808,0.180021146827483
B0377,900,550,-70,623.5,0.786,3.06,3.51,14.64,71.86,1,3,29.15,2.11,53.71,32792914.642924383,7149698.794675141,0.218025719047142
B0378,750,650,-100,483.7,0.722,2.04,3.28,8.0,75.34,1,5,27.94,1.15,64.06,31529761.720077943,5373014.535068581,0.1704108829863779
B0379,450,850,-40,544.2,0.714,2.78,4.5,11.95,87.55,3,8,24.61,3.68,71.1,39221539.86934619,7165207.025364764,0.1826855102893288
B0380,500,800,-20,602.8,0.879,1.17,5.13,11.28,94.37,3,8,28.23,1.5,77.96,47715877.15343611,8605296.4275618,0.1803445088076331
B0381,800,350,-60,576.4,0.236,1.58,4.73,10.78,81.95,2,9,30.97,1.84,66.44,38985522.23276317,7486320.806142577,0.192028229388476
B0382,900,200,-90,471.3,0.706,3.3,4.23,15.02,87.48,1,1,19.57,2.53,68.23,32233809.56853345,6207499.247969488,0.1925772761910596
B0383,800,400,-20,331.1,0.634,1.59,3.99,12.5,61.7,2,5,24.92,2.39,45.21,14855167.230945537,3104002.7556613497,0.2089510476324526
B0384,650,300,-80,538.4,0.843,2.51,3.97,12.02,95.9,2,8,30.09,0.9,79.91,42397231.793622606,8459913.337626832,0.1995392854610704
B0385,700,950,-90,537.0,0.51,2.46,4.36,15.2,81.03,3,10,29.34,2.05,61.47,32828124.22378973,6577248.067934346,0.2003540629704324
B0386,250,200,-70,552.2,0.533,1.15,3.27,12.23,43.64,1,3,29.92,3.18,28.14,15127037.5003119,3739678.094325248,0.247218141308114
B0387,450,900,-70,455.6,0.712,2.85,3.71,11.28,102.24,3,3,24.79,2.83,87.25,40098893.48012197,7122508.696611361,0.1776235720854035
B0388,300,450,-10,388.3,0.908,3.55,4.97,12.86,89.41,2,6,28.41,2.96,71.58,27601449.25212865,5314689.362992267,0.1925510981124439
B0389,850,150,-60,428.1,1.121,4.14,4.61,8.0,96.97,3,4,28.36,0.83,84.36,36404422.02036449,6169426.262620068,0.1694691446871183
B0390,150,100,-100,553.4,0.963,3.11,4.2,13.1,81.85,3,8,30.34,1.33,64.55,35379333.01630626,7052875.2976359,0.199350148697977
B0391,750,150,-10,575.5,0.841,2.8,4.53,11.08,90.56,3,7,28.53,2.95,74.95,43599342.51761257,7256079.30350417,0.1664263469242219
B0392,500,950,-100,595.5,1.038,2.72,4.32,9.04,92.16,1,1,26.32,4.17,78.8,45786331.55757722,8563597.556403955,0.1870339305439891
B0393,500,650,-10,543.7,0.858,2.93,5.28,12.03,74.48,3,8,24.6,2.38,57.17,31323486.25437324,6100917.693383129,0.1947713496460295
B0394,350,350,-40,439.3,1.072,2.72,3.5,12.5,62.44,2,5,23.96,2.67,46.44,20641831.07157233,4327390.396271587,0.209641789106162
B0395,350,200,-60,518.3,0.821,4.27,3.86,15.49,67.61,1,6,20.01,2.71,48.26,24828914.3950612,5625290.864381827,0.2265620950991225
B0396,600,200,-10,428.3,1.2,3.08,4.32,10.09,68.69,2,7,26.54,3.22,54.28,23369920.072405595,4301139.926272159,0.1840459835954166
B0397,300,500,-50,471.5,0.538,3.2,4.76,12.33,87.63,1,5,19.7,1.75,70.54,33695798.32768771,6222708.348090277,0.1846731241555746
B0398,500,250,-40,546.8,0.905,2.45,4.97,12.81,83.2,1,9,26.59,4.12,65.42,35597883.99951946,6721378.016391437,0.1888139760352657
B0399,250,200,-100,438.0,0.601,0.77,5.13,12.43,58.23,1,8,17.74,3.66,40.67,18272158.055225786,3796501.2407740415,0.2077751970675545
B0400,400,0,-60,496.3,0.907,0.5,3.75,12.32,119.9,3,7,33.01,3.12,103.83,51660689.00849992,8903866.303977797,0.1723528368449133
B0401,200,650,-30,621.0,0.897,1.92,3.53,12.45,75.16,1,8,32.35,2.13,59.18,35867858.862077944,6847607.966491085,0.1909120918765202
B0402,900,800,-80,697.8,0.975,3.29,4.09,9.44,70.83,3,3,28.66,2.95,57.3,38883584.43661489,7144201.775304354,0.1837331068834535
B0403,850,50,-90,564.6,0.921,2.96,4.91,13.68,62.12,2,4,17.88,2.91,43.53,24559649.694364566,5200669.31501299,0.211756656944758
B0404,450,100,-90,382.8,0.954,2.42,4.18,14.02,87.75,1,2,27.13,1.9,69.55,26680471.584219027,5204086.871192632,0.195052282144471
B0405,900,250,-70,545.2,0.951,2.93,4.03,11.05,76.95,1,1,29.02,1.64,61.87,34472744.51069729,6314207.306395793,0.1831652047441833
B0406,150,850,-40,477.5,0.797,2.95,4.51,11.52,76.14,1,3,22.93,2.86,60.11,29216484.7886447,5429605.349098882,0.1858404728829375
B0407,800,550,-90,461.2,0.805,3.93,3.97,10.68,84.99,1,8,18.02,2.34,70.34,32741455.76112649,6139222.093710168,0.187506082151643
B0408,50,250,-50,439.5,1.225,2.05,4.33,8.25,59.22,2,8,37.42,3.37,46.64,20513267.368323985,4175540.7931057,0.2035531794195523
B0409,200,50,-40,415.3,0.738,1.76,4.2,12.91,85.51,3,1,27.43,1.47,68.4,28623458.69165807,5230679.939491248,0.1827410165849615
B0410,250,850,-20,549.8,0.733,2.78,4.23,11.6,77.42,2,8,29.7,2.73,61.59,34322511.4048487,6356876.943123268,0.1852101341927222
B0411,250,600,-40,566.6,1.011,2.82,3.91,13.14,93.68,3,3,27.9,3.54,76.63,43411942.47358751,7897397.52123949,0.18191762614733
B0412,100,750,-100,560.2,0.821,2.52,4.16,12.45,85.65,3,7,33.46,2.92,69.04,38009569.34644788,7138494.516689974,0.1878078241724959
B0413,150,600,-30,440.3,1.057,2.68,4.11,9.9,72.4,1,1,29.55,3.57,58.39,25738026.808326267,4366802.55885301,0.169663455220287
B0414,700,800,-80,464.3,0.7,3.89,3.74,11.15,86.23,2,4,30.8,3.44,71.34,33102844.06638055,6151754.215516138,0.1858376338655414
B0415,400,150,-40,669.7,0.946,2.54,3.64,12.43,70.45,3,3,27.88,2.46,54.38,36218855.21416149,6650637.853967898,0.1836236351105739
B0416,0,250,-50,419.7,0.689,2.22,3.33,9.05,90.76,3,2,26.32,2.19,78.38,33394865.34658459,5999642.657126457,0.1796576388274032
B0417,750,650,-80,506.3,0.941,2.12,4.71,14.81,100.67,1,10,26.11,3.46,81.15,41916254.144096,8432922.680907417,0.2011850260263586
B0418,350,900,-90,423.2,0.762,1.54,4.88,12.65,84.82,2,10,22.44,2.88,67.29,28004045.86501898,4861525.051858415,0.1736008102290372
B0419,150,600,-70,495.5,0.862,1.88,4.57,10.22,90.14,1,5,28.09,2.8,75.35,37114666.55014736,7358340.886259817,0.1982596523214783
B0420,150,500,-100,429.1,0.739,3.63,4.45,10.48,64.49,3,4,30.0,3.2,49.56,21469648.79678431,4371598.3603693405,0.2036175999778865
B0421,500,700,-10,476.5,0.807,2.44,5.85,10.94,66.17,1,1,30.74,2.45,49.38,23315593.22850234,4654493.178828964,0.1996300558691786
B0422,850,750,-10,562.8,0.984,2.11,3.94,11.6,56.6,2,9,26.51,1.96,41.06,24080147.155031413,5009520.392064176,0.2080352898099904
B0423,850,0,-40,452.0,0.95,3.24,4.16,10.36,64.65,1,7,33.48,3.91,50.13,22603404.509258904,4485596.2012448,0.1984478134436514
B0424,550,800,-80,552.3,0.877,2.27,4.21,12.54,87.48,2,6,21.23,2.63,70.73,38514375.337754376,7462409.506820194,0.1937564725217038
B0425,200,750,-90,398.7,1.186,3.53,4.23,12.14,108.51,3,7,33.75,1.67,92.14,37162921.899685554,6384345.337476999,0.1717934169630246
B0426,300,200,-60,546.2,0.944,2.96,3.07,14.2,81.21,3,10,23.4,2.94,63.94,34932692.09072018,6565232.080952584,0.1879394827029843
B0427,700,750,-40,392.8,0.731,1.57,4.76,8.83,71.71,2,1,24.67,2.73,58.12,23036888.53364165,3898492.103556162,0.169228240083857
B0428,800,650,-100,463.8,0.786,3.22,3.93,13.76,73.28,1,6,18.4,2.24,55.59,25752632.37780292,5103158.879965569,0.1981606697560035
B0429,750,150,-100,522.3,0.834,2.66,3.88,14.0,64.15,2,1,22.33,2.92,46.27,24441710.69257106,4597046.870476254,0.1880820425500537
B0430,400,500,-10,572.2,1.036,2.34,4.41,16.34,88.4,2,8,29.15,2.45,67.65,37658262.71117824,7716774.652685211,0.20491584308786
B0431,600,100,-30,475.6,1.0,2.62,4.01,15.26,103.78,3,4,29.53,1.86,84.51,40153843.96974176,7038868.58075693,0.1752975029255262
B0432,150,900,-60,484.9,0.747,2.52,4.06,10.82,87.43,1,6,33.51,1.75,72.55,35164196.01334728,6318659.85056857,0.1796901555255292
B0433,500,50,-30,422.1,0.966,1.37,3.6,11.86,126.8,2,2,34.89,1.58,111.34,48016903.899828166,8491264.954422986,0.176839076757995
B0434,650,600,-80,545.9,0.785,2.29,3.47,18.0,95.16,2,10,23.79,3.45,73.69,40879460.832458265,7383879.089066506,0.1806256476651891
B0435,700,600,-90,605.0,0.68,2.2,4.59,9.21,67.12,1,2,27.66,3.15,53.32,32298174.78617706,6274037.257108336,0.1942536164549302
B0436,350,400,-40,403.2,0.935,1.22,4.4,14.67,87.59,3,2,17.71,3.13,68.52,27565061.920859307,5202451.250241042,0.1887335230799605
B0437,250,300,-50,446.9,0.648,2.23,5.2,12.92,72.48,3,6,23.98,2.96,54.36,24322380.334235687,4938463.405285623,0.203041944802349
B0438,150,550,-70,509.0,0.861,2.43,3.25,12.54,74.97,1,3,28.14,1.55,59.18,30602541.46154049,5271884.410609113,0.1722694965460471
B0439,450,750,-40,644.7,0.923,4.72,4.13,12.89,83.64,3,9,16.11,1.35,66.62,42032864.42378789,8011092.897526054,0.1905911721065646
B0440,950,850,-20,551.7,0.755,1.27,4.01,10.46,114.37,3,3,20.54,1.49,99.9,54978808.83595768,9548201.480940403,0.1736705775025015
B0441,450,750,-20,430.3,0.744,2.28,3.93,12.69,63.29,1,3,28.72,2.99,46.67,19851246.754275966,4012030.916294669,0.2021047325619725
B0442,950,200,-80,415.8,0.81,2.02,4.53,10.07,81.57,1,3,23.68,1.57,66.97,27661680.51412998,4795540.426143918,0.1733640305654708
B0443,300,550,-100,529.0,1.138,1.75,4.2,12.88,77.85,3,7,24.72,3.19,60.77,31537292.562661573,6471978.8037371645,0.2052166903952824
B0444,200,0,-70,450.1,0.717,3.75,4.69,10.63,94.06,3,1,30.81,3.22,78.74,35142570.940641634,6349645.495329122,0.1806824408508454
B0445,300,450,-10,416.7,0.905,3.93,3.51,13.0,87.04,2,3,26.03,2.96,70.53,29240491.9710479,5106262.947930922,0.1746298575614535
B0446,700,400,-100,395.1,0.741,1.91,3.99,11.0,85.34,3,8,23.41,2.34,70.35,28222874.279394463,4993467.490216523,0.1769297995938796
B0447,800,850,-40,585.5,0.963,3.32,3.48,12.42,92.68,2,3,33.45,3.19,76.78,45181579.40078959,7558566.146495799,0.1672930925996736
B0448,850,150,-90,439.3,0.638,3.02,3.67,10.0,86.59,1,8,39.9,2.37,72.92,32192935.45763588,5786060.728818754,0.1797307591422624
B0449,950,0,-30,328.7,0.83,2.79,3.43,9.04,83.93,2,1,30.7,3.6,71.46,23466829.28244822,4606242.991983961,0.1962874036599889
B0450,50,950,-60,399.4,0.587,2.41,4.69,9.73,67.17,3,4,29.25,3.16,52.75,21361513.432947263,4092539.755394117,0.1915847286869629
B0451,600,600,-10,481.1,0.571,3.41,3.98,9.77,86.81,2,2,35.63,1.78,73.06,35652436.16704834,6491195.543913684,0.182068779634003
B0452,850,200,-100,532.0,0.799,3.29,4.3,14.61,62.18,3,8,21.49,1.82,43.27,22838265.96774326,4581794.746640762,0.2006192043262866
B0453,350,850,-90,541.9,0.777,2.89,2.93,12.26,68.32,3,8,33.65,2.07,53.13,28796171.07907856,5304718.345946047,0.1842161005148394
B0454,500,250,-70,504.3,0.705,1.26,4.59,10.8,73.53,3,5,32.96,2.29,58.14,29797535.901789118,5219698.200503193,0.1751721423444879
B0455,550,950,-80,569.2,0.633,3.08,4.17,10.07,81.0,1,3,21.84,1.74,66.76,37929462.79233622,7212297.937774476,0.1901502791447852
B0456,800,200,-60,592.6,0.761,3.87,4.28,10.24,110.91,2,10,29.13,3.1,96.39,56577103.19835085,9822410.990080908,0.1736110623346163
B0457,150,550,-70,562.7,0.749,2.64,4.9,15.31,46.7,2,2,26.05,2.97,26.49,14760148.417604582,3827373.00855741,0.2593045069921155
B0458,950,550,-90,629.8,1.039,2.06,4.37,14.99,92.21,2,7,23.85,2.29,72.85,45437679.75760009,8581958.64638964,0.1888731707290618
B0459,150,600,-20,560.0,1.082,3.24,3.25,11.76,102.47,2,7,15.93,3.46,87.46,49714222.98076622,8263051.30708045,0.1662110118924581
B0460,800,200,-40,311.3,0.778,3.34,4.5,14.2,107.25,3,5,31.41,2.51,88.55,27883770.868850395,5155944.725552221,0.1849084454826031
B0461,450,950,-60,563.9,0.858,2.08,4.75,15.57,81.09,2,5,23.04,1.37,60.77,34263477.04008956,6796133.822327278,0.1983492164083506
B0462,750,800,-70,498.6,0.893,2.89,3.22,9.34,84.88,2,6,27.59,1.75,72.32,35675633.23277626,6447450.321484806,0.1807242012893366
B0463,700,150,-10,529.4,0.766,3.21,4.23,12.71,97.29,1,6,29.94,2.72,80.35,43390375.53007709,7780049.954971096,0.1793035865656006
B0464,50,300,-60,526.4,0.714,1.61,3.36,11.35,75.63,1,7,30.04,3.6,60.92,32264928.693455797,5778758.904674817,0.179103414719367
B0465,650,150,-90,591.1,0.862,3.16,4.77,10.54,62.04,2,10,31.65,2.79,46.73,27256803.98010393,5766959.049044144,0.2115786962130163
B0466,800,650,-30,454.8,0.833,2.3,4.31,13.1,112.92,1,10,26.32,1.75,95.51,43912364.389244005,7552190.91562531,0.1719832448255772
B0467,350,700,-90,473.4,0.658,2.75,4.12,12.84,63.79,1,5,33.41,2.02,46.83,21659053.93064153,4313498.255154918,0.1991545091936134
B0468,350,900,-30,480.2,0.952,2.47,3.99,11.06,113.49,1,5,21.39,2.82,98.44,46666898.13631994,8162632.309165919,0.1749126819040304
B0469,650,800,-60,550.5,1.052,2.76,3.71,12.82,64.02,3,3,35.86,1.72,47.49,26771627.92324514,5356584.578850724,0.2000843801582844
B0470,200,850,-70,582.1,0.952,3.03,3.87,11.61,83.57,1,4,32.54,3.93,68.09,39799971.28354457,7325839.736058887,0.1840664578340482
B0471,950,0,-40,432.1,1.147,2.74,3.91,13.46,79.58,1,2,19.39,3.44,62.21,27109593.770825244,5177233.594132393,0.190974222553789
B0472,450,400,-100,608.2,1.089,2.26,4.44,12.8,73.78,2,2,31.57,2.56,56.54,33713076.89406516,6540247.196822593,0.1939973386995696
B0473,850,750,-40,598.3,0.943,1.97,4.2,14.14,89.86,2,10,23.61,3.22,71.52,42954849.867715664,7323631.452925703,0.1704960318911521
B0474,0,950,-10,469.5,0.51,3.52,4.06,16.02,95.51,3,1,21.93,2.61,75.43,35170684.51340561,6748839.583156832,0.1918882067986038
B0475,50,250,-60,455.4,0.77,2.01,2.77,9.53,72.03,1,1,36.67,2.24,59.73,27191569.00343938,4909087.55589161,0.1805371199900481
B0476,300,800,-50,588.3,1.023,1.84,5.05,14.46,66.36,2,7,23.53,2.61,46.85,27181432.1369764,6343097.2237384,0.2333614061162559
B0477,250,650,-60,499.0,0.908,1.26,4.8,10.89,104.47,3,9,21.16,0.75,88.78,44830870.61363751,7768118.770392274,0.1732761078262268
B0478,300,850,-40,412.5,0.953,3.1,3.71,10.53,73.54,2,10,22.84,2.94,59.3,23901646.254708186,4330324.242567402,0.181172635408509
B0479,700,150,-100,481.8,0.569,2.32,4.14,14.99,66.76,2,4,20.98,2.18,47.63,23829572.67117052,5066818.307377136,0.2126273256048385
B0480,450,250,-90,373.2,0.947,2.64,4.31,11.19,79.67,1,9,21.84,3.72,64.17,24067348.42271922,4431846.461170266,0.18414352854038
B0481,650,900,-50,439.3,0.857,3.04,4.93,8.0,88.28,2,4,42.29,2.94,75.35,32519834.625514496,5789640.752243768,0.1780341388237355
B0482,100,550,-40,598.7,0.947,2.46,4.93,8.33,96.7,1,9,29.57,2.67,83.44,49470150.00109011,8782026.653834967,0.1775217308546962
B0483,100,700,-30,652.6,0.926,1.79,4.13,12.82,61.97,1,9,21.63,1.58,45.02,29313816.544263367,6314090.931969909,0.2153964128975065
B0484,400,200,-70,488.8,1.116,2.16,3.4,11.22,82.17,2,7,35.36,2.18,67.55,32917243.56893999,6242072.274968645,0.1896292519723167
B0485,350,750,-80,490.0,0.912,1.22,4.47,11.46,101.19,3,7,22.54,2.68,85.26,41137633.09714419,7952666.600464759,0.193318526170064
B0486,300,450,-20,564.8,0.905,3.77,5.25,11.8,62.04,2,9,25.27,3.38,44.99,25677367.11403559,4833046.182502853,0.1882220307494472
B0487,650,600,-90,610.8,0.548,2.46,3.77,9.73,66.61,3,7,27.62,2.85,53.11,32700079.860746782,6062208.037513245,0.1853881722408368
B0488,150,450,-10,426.1,0.997,1.92,4.22,14.48,86.17,2,7,31.22,2.61,67.47,28490859.98165169,5716508.7591362605,0.2006436015907463
B0489,950,200,-100,444.0,0.906,3.28,4.26,14.46,76.41,1,3,29.01,2.53,57.69,25068664.830884557,4854360.087389364,0.193642546188132
B0490,850,800,-50,568.9,0.732,1.12,3.81,16.4,91.52,3,7,26.09,3.67,71.31,40006139.83923879,7264110.351604851,0.1815748877746028
B0491,700,900,-80,469.1,0.65,3.58,3.15,10.39,90.36,2,5,32.1,3.4,76.82,36052336.1093412,6297993.996419854,0.1746903162479958
B0492,250,950,-40,475.2,0.763,1.98,3.48,11.17,55.47,2,2,32.34,3.08,40.82,19193690.0624028,3970204.186097656,0.2068494475626975
B0493,250,800,-30,320.7,1.072,3.36,4.49,10.63,72.19,1,7,19.34,2.99,57.07,18832213.146630745,3138991.0120407245,0.1666820032037667
B0494,50,0,-90,552.1,1.246,2.5,4.18,11.66,86.42,2,1,30.51,2.77,70.58,38307771.90737706,7423883.5030758735,0.1937957530139264
B0495,700,950,-40,482.3,0.764,0.81,4.17,14.07,68.38,1,5,22.04,2.91,50.14,24087381.75763033,5243837.063459272,0.217700583493187
B0496,950,950,-10,615.2,0.651,1.63,3.55,10.41,91.52,3,7,25.12,1.18,77.56,47790599.37758585,7775338.583374203,0.1626959838260763
B0497,250,300,-60,455.3,1.002,2.4,4.26,11.32,71.17,2,7,30.92,2.28,55.59,25110886.236015808,5032123.40526088,0.2003960894874133
B0498,500,250,-60,573.4,0.757,2.55,4.36,13.58,75.51,2,5,28.02,3.09,57.57,33008920.201452505,6378155.316092101,0.1932252032834276
B0499,750,0,-60,518.6,0.989,2.32,3.87,9.98,95.48,1,7,30.96,2.35,81.63,41868594.49582874,7373255.548539553,0.1761046826941881
